{
  "hash": "e2c03174",
  "configHash": "bc6268fa",
  "lockfileHash": "7a1b32c1",
  "browserHash": "e404a52a",
  "optimized": {
    "@angular/common": {
      "src": "../../../../../node_modules/@angular/common/fesm2022/common.mjs",
      "file": "@angular_common.js",
      "fileHash": "ae1c057b",
      "needsInterop": false
    },
    "@angular/common/http": {
      "src": "../../../../../node_modules/@angular/common/fesm2022/http.mjs",
      "file": "@angular_common_http.js",
      "fileHash": "94d70fc6",
      "needsInterop": false
    },
    "@angular/core": {
      "src": "../../../../../node_modules/@angular/core/fesm2022/core.mjs",
      "file": "@angular_core.js",
      "fileHash": "719ce4ab",
      "needsInterop": false
    },
    "@angular/forms": {
      "src": "../../../../../node_modules/@angular/forms/fesm2022/forms.mjs",
      "file": "@angular_forms.js",
      "fileHash": "d39f2aac",
      "needsInterop": false
    },
    "@angular/platform-browser": {
      "src": "../../../../../node_modules/@angular/platform-browser/fesm2022/platform-browser.mjs",
      "file": "@angular_platform-browser.js",
      "fileHash": "d71dd023",
      "needsInterop": false
    },
    "@angular/platform-browser/animations": {
      "src": "../../../../../node_modules/@angular/platform-browser/fesm2022/animations.mjs",
      "file": "@angular_platform-browser_animations.js",
      "fileHash": "bb816e0a",
      "needsInterop": false
    },
    "@angular/router": {
      "src": "../../../../../node_modules/@angular/router/fesm2022/router.mjs",
      "file": "@angular_router.js",
      "fileHash": "6ca7a3b0",
      "needsInterop": false
    },
    "@ng-bootstrap/ng-bootstrap": {
      "src": "../../../../../node_modules/@ng-bootstrap/ng-bootstrap/fesm2022/ng-bootstrap.mjs",
      "file": "@ng-bootstrap_ng-bootstrap.js",
      "fileHash": "6dd95dd7",
      "needsInterop": false
    },
    "ngx-toastr": {
      "src": "../../../../../node_modules/ngx-toastr/fesm2022/ngx-toastr.mjs",
      "file": "ngx-toastr.js",
      "fileHash": "6010b7fc",
      "needsInterop": false
    },
    "rxjs": {
      "src": "../../../../../node_modules/rxjs/dist/esm5/index.js",
      "file": "rxjs.js",
      "fileHash": "0cf7c673",
      "needsInterop": false
    },
    "rxjs/operators": {
      "src": "../../../../../node_modules/rxjs/dist/esm5/operators/index.js",
      "file": "rxjs_operators.js",
      "fileHash": "680d5c83",
      "needsInterop": false
    }
  },
  "chunks": {
    "chunk-FESYQZDY": {
      "file": "chunk-FESYQZDY.js"
    },
    "chunk-QNT5Q57Q": {
      "file": "chunk-QNT5Q57Q.js"
    },
    "chunk-4S3WFEPC": {
      "file": "chunk-4S3WFEPC.js"
    },
    "chunk-ER7EZCDF": {
      "file": "chunk-ER7EZCDF.js"
    },
    "chunk-3W6OJCKO": {
      "file": "chunk-3W6OJCKO.js"
    },
    "chunk-DKJGIQUF": {
      "file": "chunk-DKJGIQUF.js"
    },
    "chunk-7U7TPR7C": {
      "file": "chunk-7U7TPR7C.js"
    },
    "chunk-XQY4ANS2": {
      "file": "chunk-XQY4ANS2.js"
    },
    "chunk-MOIZKQG5": {
      "file": "chunk-MOIZKQG5.js"
    }
  }
}